-- phpMyAdmin SQL Dump
-- version 5.1.1
-- https://www.phpmyadmin.net/
--
-- Хост: 127.0.0.1:3306
-- Время создания: Июн 06 2023 г., 20:54
-- Версия сервера: 5.7.33
-- Версия PHP: 7.1.33

SET SQL_MODE = "NO_AUTO_VALUE_ON_ZERO";
START TRANSACTION;
SET time_zone = "+00:00";


/*!40101 SET @OLD_CHARACTER_SET_CLIENT=@@CHARACTER_SET_CLIENT */;
/*!40101 SET @OLD_CHARACTER_SET_RESULTS=@@CHARACTER_SET_RESULTS */;
/*!40101 SET @OLD_COLLATION_CONNECTION=@@COLLATION_CONNECTION */;
/*!40101 SET NAMES utf8mb4 */;

--
-- База данных: `diplom`
--

-- --------------------------------------------------------

--
-- Структура таблицы `catalog`
--

CREATE TABLE `catalog` (
  `id` int(11) NOT NULL,
  `category` int(10) NOT NULL,
  `date` varchar(20) COLLATE utf8mb4_unicode_ci NOT NULL,
  `name` varchar(255) COLLATE utf8mb4_unicode_ci NOT NULL,
  `description` varchar(1024) COLLATE utf8mb4_unicode_ci NOT NULL,
  `photo` varchar(255) COLLATE utf8mb4_unicode_ci NOT NULL,
  `price` varchar(10) COLLATE utf8mb4_unicode_ci NOT NULL,
  `price_before` varchar(10) COLLATE utf8mb4_unicode_ci DEFAULT NULL,
  `qty` varchar(10) COLLATE utf8mb4_unicode_ci NOT NULL
) ENGINE=InnoDB DEFAULT CHARSET=utf8mb4 COLLATE=utf8mb4_unicode_ci;

--
-- Дамп данных таблицы `catalog`
--

INSERT INTO `catalog` (`id`, `category`, `date`, `name`, `description`, `photo`, `price`, `price_before`, `qty`) VALUES
(1, 2, '06.05.2023', 'Корм собачий 1кг', '', 'img/catalog/1683387735xx1.png', '1429', '', '6'),
(2, 2, '06.05.2023', 'Корм собачий 2кг', '', 'img/catalog/1683387835xx1.png', '1693', '', '6'),
(3, 2, '06.05.2023', 'Корм собачий 1кг', '', 'img/catalog/1683387941xx2.png', '1207', '', '8'),
(4, 2, '06.05.2023', 'Корм собачий 2кг', '', 'img/catalog/1683387968xx2.png', '1989', '', '18'),
(5, 2, '06.05.2023', 'Корм собачий 1кг', '', 'img/catalog/1683388007xx3.png', '1217', '', '2'),
(6, 2, '06.05.2023', 'Корм собачий 2кг', 'Тестовое описание', 'img/catalog/1683388229x6x3.png', '2175', '', '12'),
(7, 1, '06.05.2023', 'solid SNEK', 'Товар заглушка (кат 1)', 'img/catalog/1685033957x7xFwZ0vbqaMAATj1B.jfif', '2000', '0', '10'),
(8, 1, '06.05.2023', 'весёлый)', 'Товар заглушка (кат 1)', 'img/catalog/1685034008x8xx2jqkhPDw5M.jpg', '2000', '0', '10'),
(9, 1, '06.05.2023', 'весёлый(', 'Товар заглушка (кат 1)', 'img/catalog/1685034042x9xXE4AXr9J-7o.jpg', '2000', '0', '10'),
(10, 1, '06.05.2023', 'Товар заглушка (кат 1)', 'Товар заглушка (кат 1)', '', '2000', '200', '10'),
(11, 1, '06.05.2023', 'Товар заглушка (кат 1)', 'Товар заглушка (кат 1)', '', '2000', '0', '10'),
(12, 1, '06.05.2023', 'Товар заглушка (кат 1)', 'Товар заглушка (кат 1)', '', '2000', '0', '10'),
(13, 1, '06.05.2023', 'Товар заглушка (кат 1)', 'Товар заглушка (кат 1)', '', '2000', '0', '10'),
(14, 1, '06.05.2023', 'Товар заглушка (кат 1)', 'Товар заглушка (кат 1)', '', '2000', '0', '10'),
(15, 1, '06.05.2023', 'Товар заглушка (кат 1)', 'Товар заглушка (кат 1)', '', '2000', '0', '10'),
(16, 1, '06.05.2023', 'Товар заглушка (кат 1)', 'Товар заглушка (кат 1)', '', '2000', '0', '10'),
(17, 1, '06.05.2023', 'Товар заглушка (кат 1)', 'Товар заглушка (кат 1)', '', '2000', '0', '10'),
(18, 1, '06.05.2023', 'Товар заглушка (кат 1)', 'Товар заглушка (кат 1)', '', '2000', '0', '10'),
(19, 1, '06.05.2023', 'Товар заглушка (кат 1)', 'Товар заглушка (кат 1)', '', '2000', '0', '10'),
(20, 1, '06.05.2023', 'Товар заглушка (кат 1)', 'Товар заглушка (кат 1)', '', '2000', '0', '10'),
(21, 1, '06.05.2023', 'Товар заглушка (кат 1)', 'Товар заглушка (кат 1)', '', '2000', '0', '10'),
(22, 1, '06.05.2023', 'Товар заглушка (кат 1)', 'Товар заглушка (кат 1)', '', '2000', '0', '10'),
(23, 1, '06.05.2023', 'Товар заглушка (кат 1)', 'Товар заглушка (кат 1)', '', '2000', '0', '10'),
(24, 1, '06.05.2023', 'Товар заглушка (кат 1)', 'Товар заглушка (кат 1)', '', '2000', '0', '10'),
(25, 1, '06.05.2023', 'Товар заглушка (кат 1)', 'Товар заглушка (кат 1)', '', '2000', '0', '10'),
(26, 1, '06.05.2023', 'Товар заглушка (кат 1)', 'Товар заглушка (кат 1)', '', '2000', '0', '10'),
(27, 1, '06.05.2023', 'Товар заглушка (кат 1)', 'Товар заглушка (кат 1)', '', '2000', '0', '10'),
(28, 1, '06.05.2023', 'Товар заглушка (кат 1)', 'Товар заглушка (кат 1)', '', '2000', '0', '10'),
(29, 1, '06.05.2023', 'Товар заглушка (кат 1)', 'Товар заглушка (кат 1)', '', '2000', '0', '10'),
(30, 1, '06.05.2023', 'Товар заглушка (кат 1)', 'Товар заглушка (кат 1)', '', '2000', '0', '10'),
(31, 1, '06.05.2023', 'Товар заглушка (кат 1)', 'Товар заглушка (кат 1)', '', '2000', '0', '10'),
(32, 1, '06.05.2023', 'Товар заглушка (кат 1)', 'Товар заглушка (кат 1)', '', '2000', '0', '10'),
(33, 1, '06.05.2023', 'Товар заглушка (кат 1)', 'Товар заглушка (кат 1)', '', '2000', '0', '10'),
(34, 1, '06.05.2023', 'Товар заглушка (кат 1)', 'Товар заглушка (кат 1)', '', '2000', '0', '10'),
(35, 1, '06.05.2023', 'Товар заглушка (кат 1)', 'Товар заглушка (кат 1)', '', '2000', '0', '10'),
(36, 1, '06.05.2023', 'Товар заглушка (кат 1)', 'Товар заглушка (кат 1)', '', '2000', '0', '10'),
(37, 1, '06.05.2023', 'Товар заглушка (кат 1)', 'Товар заглушка (кат 1)', '', '2000', '0', '10'),
(38, 1, '06.05.2023', 'Товар заглушка (кат 1)', 'Товар заглушка (кат 1)', '', '2000', '0', '10'),
(39, 1, '06.05.2023', 'Товар заглушка (кат 1)', 'Товар заглушка (кат 1)', '', '2000', '0', '10'),
(40, 1, '06.05.2023', 'Товар заглушка (кат 1)', 'Товар заглушка (кат 1)', '', '2000', '0', '10'),
(41, 1, '06.05.2023', 'Товар заглушка (кат 1)', 'Товар заглушка (кат 1)', '', '2000', '0', '10'),
(42, 1, '06.05.2023', 'Товар заглушка (кат 1)', 'Товар заглушка (кат 1)', '', '2000', '0', '10'),
(43, 1, '06.05.2023', 'Товар заглушка (кат 1)', 'Товар заглушка (кат 1)', '', '2000', '0', '10'),
(44, 1, '06.05.2023', 'Товар заглушка (кат 1)', 'Товар заглушка (кат 1)', '', '2000', '0', '10'),
(45, 1, '06.05.2023', 'Товар заглушка (кат 1)', 'Товар заглушка (кат 1)', '', '2000', '0', '10'),
(46, 1, '06.05.2023', 'Товар заглушка (кат 1)', 'Товар заглушка (кат 1)', '', '2000', '0', '10'),
(47, 1, '06.05.2023', 'Товар заглушка (кат 1)', 'Товар заглушка (кат 1)', '', '2000', '0', '10'),
(48, 1, '06.05.2023', 'Товар заглушка (кат 1)', 'Товар заглушка (кат 1)', '', '2000', '0', '10'),
(49, 1, '06.05.2023', 'Товар заглушка (кат 1)', 'Товар заглушка (кат 1)', '', '2000', '0', '10'),
(50, 1, '06.05.2023', 'Товар заглушка (кат 1)', 'Товар заглушка (кат 1)', '', '2000', '0', '10'),
(51, 1, '06.05.2023', 'Товар заглушка (кат 1)', 'Товар заглушка (кат 1)', '', '2000', '0', '10'),
(52, 1, '06.05.2023', 'Товар заглушка (кат 1)', 'Товар заглушка (кат 1)', '', '2000', '0', '10'),
(53, 1, '06.05.2023', 'Товар заглушка (кат 1)', 'Товар заглушка (кат 1)', '', '2000', '0', '10'),
(54, 1, '06.05.2023', 'Товар заглушка (кат 1)', 'Товар заглушка (кат 1)', '', '2000', '0', '10'),
(55, 1, '06.05.2023', 'Товар заглушка (кат 1)', 'Товар заглушка (кат 1)', '', '2000', '0', '10'),
(56, 1, '06.05.2023', 'Товар заглушка (кат 1)', 'Товар заглушка (кат 1)', '', '2000', '0', '10'),
(57, 1, '06.05.2023', 'Товар заглушка (кат 1)', 'Товар заглушка (кат 1)', '', '2000', '0', '10'),
(58, 1, '06.05.2023', 'Товар заглушка (кат 1)', 'Товар заглушка (кат 1)', '', '2000', '0', '10'),
(59, 1, '06.05.2023', 'Товар заглушка (кат 1)', 'Товар заглушка (кат 1)', '', '2000', '0', '10'),
(60, 1, '06.05.2023', 'Товар заглушка (кат 1)', 'Товар заглушка (кат 1)', '', '2000', '0', '10'),
(61, 1, '06.05.2023', 'Товар заглушка (кат 1)', 'Товар заглушка (кат 1)', '', '2000', '0', '10'),
(62, 1, '06.05.2023', 'Товар заглушка (кат 1)', 'Товар заглушка (кат 1)', '', '2000', '0', '10'),
(63, 1, '06.05.2023', 'Товар заглушка (кат 1)', 'Товар заглушка (кат 1)', '', '2000', '0', '10'),
(64, 1, '06.05.2023', 'Товар заглушка (кат 1)', 'Товар заглушка (кат 1)', '', '2000', '0', '10'),
(65, 1, '06.05.2023', 'Товар заглушка (кат 1)', 'Товар заглушка (кат 1)', '', '2000', '0', '10'),
(66, 1, '06.05.2023', 'Товар заглушка (кат 1)', 'Товар заглушка (кат 1)', '', '2000', '0', '10'),
(67, 1, '06.05.2023', 'Товар заглушка (кат 1)', 'Товар заглушка (кат 1)', '', '2000', '0', '10'),
(68, 1, '06.05.2023', 'Товар заглушка (кат 1)', 'Товар заглушка (кат 1)', '', '2000', '0', '10'),
(69, 1, '06.05.2023', 'Товар заглушка (кат 1)', 'Товар заглушка (кат 1)', '', '2000', '0', '10'),
(70, 4, '06.05.2023', 'Товар заглушка (кат 1)', 'Товар заглушка (кат 1)', 'img/catalog/1685033902x70xh3tPUFVMzDw.jpg', '2000', '2000', '10'),
(71, 5, '06.05.2023', 'ROBLOX WIFE', 'Товар заглушка (кат 1)', 'img/catalog/1685033614x71x0eNJObbh6RE.jpg', '3000', '4000', '10'),
(72, 1, '06.05.2023', 'MINECAT', 'Товар заглушка (кат 1)', 'img/catalog/1685033570x72x0wkjjjjPyCI.jpg', '2000', '0', '10'),
(73, 1, '06.05.2023', 'Товар заглушка (кат 1)', 'Товар заглушка (кат 1)', 'img/catalog/1685033521x73x0ZoJPshKAXI.jpg', '2000', '0', '10'),
(74, 2, '06.05.2023', 'Корм для собак 18кг', 'Товар заглушка (кат 1)', 'img/catalog/1683414088x74x1.png', '7439', '', '10'),
(75, 2, '06.05.2023', 'Корм для собак 8кг', 'Товар заглушка (кат 1)', 'img/catalog/1683414062x75x2.png', '6811', '', '10'),
(76, 2, '06.05.2023', 'Корм для собак 2кг', 'Товар заглушка (кат 1)', 'img/catalog/1683414024x76x3.png', '1678', '', '10'),
(77, 2, '06.05.2023', 'Корм для собак 100кг', 'Товар заглушка (кат 1)', 'img/catalog/1683413994x77x1.png', '7469', '', '10'),
(78, 2, '06.05.2023', 'Товар заглушка (кат 1)', 'Товар заглушка (кат 1)', 'img/catalog/1683413958x78x1.png', '1584', '3000', '10'),
(79, 2, '06.05.2023', 'Корм для собак 20кг', 'Товар заглушка (кат 1)', 'img/catalog/1683413916x79x2.png', '3000', '5000', '10'),
(80, 2, '06.05.2023', 'Корм для собак 6кг', 'Товар заглушка (кат 1)', 'img/catalog/1683413886x80x1.png', '2876', '', '10'),
(81, 2, '06.05.2023', 'Корм для собак 5кг', 'Товар заглушка (кат 1)', 'img/catalog/1683413857x81x1.png', '1859', '', '10'),
(82, 2, '06.05.2023', 'Корм для собак 13кг', 'Товар заглушка (кат 1)', 'img/catalog/1683413828x82x3.png', '2386', '', '10'),
(83, 2, '06.05.2023', 'Корм для собак 10кг', 'Лучший товар', 'img/catalog/1683398764x83x2.jpeg', '1373', '', '10');

-- --------------------------------------------------------

--
-- Структура таблицы `catalog_category`
--

CREATE TABLE `catalog_category` (
  `id` int(11) NOT NULL,
  `name` varchar(20) COLLATE utf8mb4_unicode_ci NOT NULL
) ENGINE=InnoDB DEFAULT CHARSET=utf8mb4 COLLATE=utf8mb4_unicode_ci;

--
-- Дамп данных таблицы `catalog_category`
--

INSERT INTO `catalog_category` (`id`, `name`) VALUES
(1, 'Кошкам'),
(2, 'Собакам'),
(3, 'Птицам'),
(4, 'Грызунам'),
(5, 'Аксессуары'),
(6, 'На чай');

-- --------------------------------------------------------

--
-- Структура таблицы `orders`
--

CREATE TABLE `orders` (
  `id` int(11) NOT NULL,
  `user_id` int(11) NOT NULL,
  `items` varchar(255) COLLATE utf8mb4_unicode_ci NOT NULL,
  `date` varchar(20) COLLATE utf8mb4_unicode_ci NOT NULL,
  `status` int(10) NOT NULL DEFAULT '1',
  `description` varchar(255) COLLATE utf8mb4_unicode_ci DEFAULT NULL
) ENGINE=InnoDB DEFAULT CHARSET=utf8mb4 COLLATE=utf8mb4_unicode_ci;

--
-- Дамп данных таблицы `orders`
--

INSERT INTO `orders` (`id`, `user_id`, `items`, `date`, `status`, `description`) VALUES
(1, 1, '6x2;', '06.05.2023 19:17:39', 2, NULL),
(2, 1, '4x1;', '06.05.2023 20:08:49', 3, NULL),
(3, 1, '83x3;', '06.05.2023 21:44:24', 3, NULL);

-- --------------------------------------------------------

--
-- Структура таблицы `status_list`
--

CREATE TABLE `status_list` (
  `id` int(10) NOT NULL,
  `name` varchar(20) COLLATE utf8mb4_unicode_ci NOT NULL
) ENGINE=InnoDB DEFAULT CHARSET=utf8mb4 COLLATE=utf8mb4_unicode_ci;

--
-- Дамп данных таблицы `status_list`
--

INSERT INTO `status_list` (`id`, `name`) VALUES
(1, 'Новый'),
(2, 'Подтвержденный'),
(3, 'Отмененный');

-- --------------------------------------------------------

--
-- Структура таблицы `users`
--

CREATE TABLE `users` (
  `id` int(11) NOT NULL,
  `login` varchar(30) COLLATE utf8mb4_unicode_ci NOT NULL,
  `fullname` varchar(100) COLLATE utf8mb4_unicode_ci NOT NULL,
  `mail` varchar(50) COLLATE utf8mb4_unicode_ci NOT NULL,
  `pass` varchar(50) COLLATE utf8mb4_unicode_ci NOT NULL,
  `register_date` varchar(20) COLLATE utf8mb4_unicode_ci DEFAULT NULL,
  `status` int(10) DEFAULT NULL,
  `img` varchar(255) COLLATE utf8mb4_unicode_ci NOT NULL DEFAULT '',
  `cart` varchar(255) COLLATE utf8mb4_unicode_ci NOT NULL DEFAULT ''
) ENGINE=InnoDB DEFAULT CHARSET=utf8mb4 COLLATE=utf8mb4_unicode_ci;

--
-- Дамп данных таблицы `users`
--

INSERT INTO `users` (`id`, `login`, `fullname`, `mail`, `pass`, `register_date`, `status`, `img`, `cart`) VALUES
(1, 'admin', 'Администратор К.Е', 'admin@mail.ru', '21232f297a57a5a743894a0e4a801fc3', '06.05.2023 20:06:27', 1, '../img/user/1685037197x1x1685032751x1xFuPhSPoWYAIs1TC.jpeg', '78x5;81x2;82x1;'),
(2, 'user', 'Юзер', 'user@mail.ru', 'ee11cbb19052e40b07aac0ca060c23ee', '06.05.2023 20:06:55', NULL, '', '');

--
-- Индексы сохранённых таблиц
--

--
-- Индексы таблицы `catalog`
--
ALTER TABLE `catalog`
  ADD PRIMARY KEY (`id`);

--
-- Индексы таблицы `catalog_category`
--
ALTER TABLE `catalog_category`
  ADD PRIMARY KEY (`id`);

--
-- Индексы таблицы `orders`
--
ALTER TABLE `orders`
  ADD PRIMARY KEY (`id`);

--
-- Индексы таблицы `status_list`
--
ALTER TABLE `status_list`
  ADD PRIMARY KEY (`id`);

--
-- Индексы таблицы `users`
--
ALTER TABLE `users`
  ADD PRIMARY KEY (`id`);

--
-- AUTO_INCREMENT для сохранённых таблиц
--

--
-- AUTO_INCREMENT для таблицы `catalog`
--
ALTER TABLE `catalog`
  MODIFY `id` int(11) NOT NULL AUTO_INCREMENT, AUTO_INCREMENT=84;

--
-- AUTO_INCREMENT для таблицы `catalog_category`
--
ALTER TABLE `catalog_category`
  MODIFY `id` int(11) NOT NULL AUTO_INCREMENT, AUTO_INCREMENT=7;

--
-- AUTO_INCREMENT для таблицы `orders`
--
ALTER TABLE `orders`
  MODIFY `id` int(11) NOT NULL AUTO_INCREMENT, AUTO_INCREMENT=4;

--
-- AUTO_INCREMENT для таблицы `status_list`
--
ALTER TABLE `status_list`
  MODIFY `id` int(10) NOT NULL AUTO_INCREMENT, AUTO_INCREMENT=4;

--
-- AUTO_INCREMENT для таблицы `users`
--
ALTER TABLE `users`
  MODIFY `id` int(11) NOT NULL AUTO_INCREMENT, AUTO_INCREMENT=3;
COMMIT;

/*!40101 SET CHARACTER_SET_CLIENT=@OLD_CHARACTER_SET_CLIENT */;
/*!40101 SET CHARACTER_SET_RESULTS=@OLD_CHARACTER_SET_RESULTS */;
/*!40101 SET COLLATION_CONNECTION=@OLD_COLLATION_CONNECTION */;
